Link Name,Center of Mass X,Center of Mass Y,Center of Mass Z,Center of Mass Roll,Center of Mass Pitch,Center of Mass Yaw,Mass,Moment Ixx,Moment Ixy,Moment Ixz,Moment Iyy,Moment Iyz,Moment Izz,Visual X,Visual Y,Visual Z,Visual Roll,Visual Pitch,Visual Yaw,Mesh Filename,Color Red,Color Green,Color Blue,Color Alpha,Collision X,Collision Y,Collision Z,Collision Roll,Collision Pitch,Collision Yaw,Collision Mesh Filename,Material Name,SW Components,Coordinate System,Axis Name,Joint Name,Joint Type,Joint Origin X,Joint Origin Y,Joint Origin Z,Joint Origin Roll,Joint Origin Pitch,Joint Origin Yaw,Parent,Joint Axis X,Joint Axis Y,Joint Axis Z,Limit Effort,Limit Velocity,Limit Lower,Limit Upper,Calibration rising,Calibration falling,Dynamics Damping,Dynamics Friction,Safety Soft Upper,Safety Soft Lower,Safety K Position,Safety K Velocity
base_link,-0.00103313928053411,0.000382585123602887,-0.0864613171896089,0,0,0,1.84951140169722,0.00320766832900481,2.78292989354602E-05,1.03805875309157E-05,0.00259257440658102,-0.000239711733738978,0.00273340858466264,0,0,0,0,0,0,package://LRS-XURDF0210QJ/meshes/base_link.STL,0.752941176470588,0.752941176470588,0.752941176470588,1,0,0,0,0,0,0,package://LRS-XURDF0210QJ/meshes/base_link.STL,,Base_link1-1,waist_yaw_origin,,,,0,0,0,0,0,0,,0,0,0,,,,,,,,,,,,
waist_yaw_link,-0.0150608558695369,-3.63577995918256E-05,0.0207428887012425,0,0,0,0.269139498299852,4.65755921040744E-05,-8.05957546757638E-08,1.53604373414798E-07,0.00010709625321309,-4.8167907327744E-08,0.000126468612378352,0,0,0,0,0,0,package://LRS-XURDF0210QJ/meshes/waist_yaw_link.STL,0.752941176470588,0.752941176470588,0.752941176470588,1,0,0,0,0,0,0,package://LRS-XURDF0210QJ/meshes/waist_yaw_link.STL,,waist_yaw_part1-1,waist_yaw_origin,waist_yaw_axis,waist_yaw_joint,revolute,0,0,0,0,0,0,base_link,0,0,1,0,0,-2.71,2.71,,,,,,,,
waist_roll_link,-3.23411694126696E-10,3.9513500816167E-10,3.19189119579733E-14,0,0,0,0.0507194719976895,3.46028757120937E-06,1.27075712039539E-18,-8.98411989868371E-14,3.10425397708585E-06,-8.12834850768051E-14,4.49914976629992E-06,0,0,0,0,0,0,package://LRS-XURDF0210QJ/meshes/waist_roll_link.STL,0.752941176470588,0.752941176470588,0.752941176470588,1,0,0,0,0,0,0,package://LRS-XURDF0210QJ/meshes/waist_roll_link.STL,,waist_roll_part1-1,waist_pitchroll_origin,waist_roll_axis,waist_roll_joint,revolute,0,-1.9533E-05,0.041,0,0,0,waist_yaw_link,1,0,0,0,0,-0.52,0.52,,,,,,,,
waist_pitch_link,0.00313523212585142,0.000323891307585571,0.147559253095566,0,0,0,3.26206572740534,0.01554882786498,5.63571055244528E-06,0.000588526901157381,0.0102809802550721,-6.20232720113437E-06,0.00867803340062138,0,0,0,0,0,0,package://LRS-XURDF0210QJ/meshes/waist_pitch_link.STL,0.752941176470588,0.752941176470588,0.752941176470588,1,0,0,0,0,0,0,package://LRS-XURDF0210QJ/meshes/waist_pitch_link.STL,,waist_pitch_part1-1,waist_pitchroll_origin,waist_pitch_axis,waist_pitch_joint,revolute,0,0,0,0,0,0,waist_roll_link,0,-1,0,0,0,-0.79,0.79,,,,,,,,
head_link,0.00646860726322579,8.67720541198985E-05,0.0845568940738201,0,0,0,0.763248912764825,0.000978207276071796,9.93647401450458E-08,0.000141854104006549,0.00104865788563718,-8.90398816406863E-08,0.00115837604716425,0,0,0,0,0,0,package://LRS-XURDF0210QJ/meshes/head_link.STL,0.752941176470588,0.752941176470588,0.752941176470588,1,0,0,0,0,0,0,package://LRS-XURDF0210QJ/meshes/head_link.STL,,Head_part1-1,head_origin,head_axis,head_joint,revolute,-0.001747,0,0.28638,0,0,0,waist_pitch_link,0,0,-1,0,0,-1.57,1.57,,,,,,,,
left_hand_pitch_link,-0.000236046960282382,0.036844772700245,-0.00872045845212858,0,0,0,0.169544326016833,9.60905832666044E-05,5.672486113752E-07,-7.61525849364579E-07,7.03805632417765E-05,6.49910346043646E-06,8.46413908721063E-05,0,0,0,0,0,0,package://LRS-XURDF0210QJ/meshes/left_hand_pitch_link.STL,0.752941176470588,0.752941176470588,0.752941176470588,1,0,0,0,0,0,0,package://LRS-XURDF0210QJ/meshes/left_hand_pitch_link.STL,,left_handpitch_part-0122-1,left_handpitch_origin,left_handpitch_axis,left_hand_pitch_joint,revolute,-1.4518E-05,0.1136,0.22528,0,0,0,waist_pitch_link,0,-1,0,0,0,-3.05,2.62,,,,,,,,
left_hand_roll_link,-0.0242086302869495,0.00140514863551233,-0.0493865307783264,0,0,0,0.311588140479655,0.000398007867883085,2.07640149535119E-07,-1.40434162197706E-05,0.000319455051006881,-2.66505985435514E-06,0.000156089455108468,0,0,0,0,0,0,package://LRS-XURDF0210QJ/meshes/left_hand_roll_link.STL,0.752941176470588,0.752941176470588,0.752941176470588,1,0,0,0,0,0,0,package://LRS-XURDF0210QJ/meshes/left_hand_roll_link.STL,,left_handroll_part1-0122-1,left_handroll_origin,left_handroll_axis,left_hand_roll_joint,revolute,0.027515,0.044,-0.012014,0,0,0,left_hand_pitch_link,-1,0,0,0,0,-0.35,2.18,,,,,,,,
left_hand_yaw_link,0.00480512140049318,0.000273766830822531,-0.0723525364869183,0,0,0,0.270043436566978,0.000360711085520092,-7.0207617956171E-08,3.39183943740952E-05,0.000362706879730224,2.25071221964758E-07,0.000116345066997288,0,0,0,0,0,0,package://LRS-XURDF0210QJ/meshes/left_hand_yaw_link.STL,0.752941176470588,0.752941176470588,0.752941176470588,1,0,0,0,0,0,0,package://LRS-XURDF0210QJ/meshes/left_hand_yaw_link.STL,,left_handelyaw_part1-0122-1,left_handyaw_origin,left_handyaw_axis,left_hand_yaw_joint,revolute,-0.0275,-1.4394E-05,-0.10459,0,0,0,left_hand_roll_link,0,0,1,0,0,-2.62,2.62,,,,,,,,
left_hand_elbow_link,-0.00874450304867024,-0.0209557821470273,-0.0478575658711924,0,0,0,0.293553040604967,0.000369936467818705,-1.91287936798576E-06,-3.76176766367328E-05,0.000464825010348334,-1.38525056759215E-05,0.000167069920312018,0,0,0,0,0,0,package://LRS-XURDF0210QJ/meshes/left_hand_elbow_link.STL,0.752941176470588,0.752941176470588,0.752941176470588,1,0,0,0,0,0,0,package://LRS-XURDF0210QJ/meshes/left_hand_elbow_link.STL,,left_handelbow_part1-0122-2,left_handelbow_origin,left_handelbow_axis,left_hand_elbow_joint,revolute,0.011985,0.027515,-0.1057,0,0,0,left_hand_yaw_link,0,-1,0,0,0,-2.62,0.52,,,,,,,,
left_hand_wrist_link,0.00340813906670889,-0.00424662907079065,-0.107952651490944,0,0,0,0.414939539733624,0.000563099383400401,2.74777555048515E-05,4.52479904571402E-07,0.000581394009598213,-4.9621402747987E-05,0.000240514201077646,0,0,0,0,0,0,package://LRS-XURDF0210QJ/meshes/left_hand_wrist_link.STL,0.752941176470588,0.752941176470588,0.752941176470588,1,0,0,0,0,0,0,package://LRS-XURDF0210QJ/meshes/left_hand_wrist_link.STL,,left_handwrist_part1-0122-1,left_handwrist_origin,left_handwrist_axis,left_hand_wrist_joint,revolute,-0.012,-0.0275,-0.1097,0,0,0,left_hand_elbow_link,0,0,1,0,0,-2.62,2.62,,,,,,,,
right_hand_pitch_link,-0.00012991753163722,-0.0358050485226819,-0.00862368390928865,0,0,0,0.168750658239899,9.60723485943609E-05,-5.69135509603203E-07,-7.60204797733603E-07,7.03719668287329E-05,-6.50117146573801E-06,8.46333881014384E-05,0,0,0,0,0,0,package://LRS-XURDF0210QJ/meshes/right_hand_pitch_link.STL,0.752941176470588,0.752941176470588,0.752941176470588,1,0,0,0,0,0,0,package://LRS-XURDF0210QJ/meshes/right_hand_pitch_link.STL,,right_handpitch_part-0122-1,right_handpitch_origin,right_handpitch_axis,right_hand_pitch_joint,revolute,-1.4518E-05,-0.1136,0.22528,0,0,0,waist_pitch_link,0,-1,0,0,0,-3.05,2.62,,,,,,,,
right_hand_roll_link,-0.0241977575792923,-0.00145313693173038,-0.0493725711866429,0,0,0,0.310875476809251,0.000398087223545084,-2.28359900656265E-07,-1.40736396597128E-05,0.000319497016694121,2.65505630907829E-06,0.000156102923276981,0,0,0,0,0,0,package://LRS-XURDF0210QJ/meshes/right_hand_roll_link.STL,0.752941176470588,0.752941176470588,0.752941176470588,1,0,0,0,0,0,0,package://LRS-XURDF0210QJ/meshes/right_hand_roll_link.STL,,right_handroll_part1-0122-1,right_handroll_origin,right_handroll_axis,right_hand_roll_joint,revolute,0.027515,-0.043,-0.012014,0,0,0,right_hand_pitch_link,1,0,0,0,0,-0.35,2.18,,,,,,,,
right_hand_yaw_link,0.00483017651966601,-0.000337491066559586,-0.0722581805073622,0,0,0,0.269276010918842,0.000360558814757381,6.58828274143542E-08,3.39018870950112E-05,0.000362561758727462,-1.72567961623189E-07,0.000116303778199432,0,0,0,0,0,0,package://LRS-XURDF0210QJ/meshes/right_hand_yaw_link.STL,0.752941176470588,0.752941176470588,0.752941176470588,1,0,0,0,0,0,0,package://LRS-XURDF0210QJ/meshes/right_hand_yaw_link.STL,,right_handyaw_part1-0122-1,right_handyaw_origin,right_handyaw_axis,right_hand_yaw_joint,revolute,-0.0275,1.4394E-05,-0.10459,0,0,0,right_hand_roll_link,0,0,-1,0,0,-2.62,2.62,,,,,,,,
right_hand_elbow_link,-0.00878723072869348,0.0209351932896342,-0.0478424692098921,0,0,0,0.291603142523825,0.000368559149982451,1.70496126534457E-06,-3.86020907729916E-05,0.000462813682584616,1.427595045176E-05,0.000166217265096317,0,0,0,0,0,0,package://LRS-XURDF0210QJ/meshes/right_hand_elbow_link.STL,0.752941176470588,0.752941176470588,0.752941176470588,1,0,0,0,0,0,0,package://LRS-XURDF0210QJ/meshes/right_hand_elbow_link.STL,,right_handelbow_part1-0122-1,right_handelbow_origin,right_handelbow_axis,right_hand_elbow_joint,revolute,0.011985,-0.027515,-0.1057,0,0,0,right_hand_yaw_link,0,-1,0,0,0,-2.62,0.52,,,,,,,,
right_hand_wrist_link,0.00353255580205982,0.00491190347565851,-0.1064224872724,0,0,0,0.399372699954955,0.000553671193852377,-2.60358095020197E-05,6.76845905428826E-07,0.000574778474980519,5.10427798229188E-05,0.000230786273576065,0,0,0,0,0,0,package://LRS-XURDF0210QJ/meshes/right_hand_wrist_link.STL,0.752941176470588,0.752941176470588,0.752941176470588,1,0,0,0,0,0,0,package://LRS-XURDF0210QJ/meshes/right_hand_wrist_link.STL,,right_handwrist_part1-0122-1,right_handwrist_origin,right_handwrist_axis,right_hand_wrist_joint,revolute,-0.012,0.0275,-0.1097,0,0,0,right_hand_elbow_link,0,0,-1,0,0,-2.62,2.62,,,,,,,,
left_hip_pitch_link,-0.00733907707942519,0.0430593457715887,-0.0299042906846693,0,0,0,0.568538438428271,0.000665368957653387,-2.54368131484968E-05,9.95715888266611E-06,0.000486829663932236,6.64451256014223E-05,0.000470869284101492,0,0,0,0,0,0,package://LRS-XURDF0210QJ/meshes/left_hip_pitch_link.STL,0.752941176470588,0.752941176470588,0.752941176470588,1,0,0,0,0,0,0,package://LRS-XURDF0210QJ/meshes/left_hip_pitch_link.STL,,left_hippitch_part-0122-1,left_hippitch_origin,left_hippitch_axis,left_hip_pitch_joint,revolute,0,0.07298,-0.1131,0,0,0,base_link,0,-1,0,0,0,-2.69,2.69,,,,,,,,
left_hip_roll_link,0.00458817252246098,2.05407308392774E-05,-0.0296405209697851,0,0,0,0.340324028836597,0.000394441339272498,-2.375034619829E-08,-8.06105384843737E-05,0.000395253992574257,1.15198382993028E-08,0.000234056829987993,0,0,0,0,0,0,package://LRS-XURDF0210QJ/meshes/left_hip_roll_link.STL,0.752941176470588,0.752941176470588,0.752941176470588,1,0,0,0,0,0,0,package://LRS-XURDF0210QJ/meshes/left_hip_roll_link.STL,,left_hiproll_part-0122-1,left_hiproll_origin,left_hiproll_axis,left_hip_roll_joint,revolute,0.019,0.05008,-0.036909,0,0,0,left_hip_pitch_link,1,0,0,0,0,-0.52,2.97,,,,,,,,
left_hip_yaw_link,0.00537424670917638,0.0120212911497524,-0.105644050695901,0,0,0,1.34325086896408,0.00501437003916852,-2.25456530384925E-06,-0.000163093055660364,0.00540874799238374,0.000443924805568292,0.00135926532118966,0,0,0,0,0,0,package://LRS-XURDF0210QJ/meshes/left_hip_yaw_link.STL,0.752941176470588,0.752941176470588,0.752941176470588,1,0,0,0,0,0,0,package://LRS-XURDF0210QJ/meshes/left_hip_yaw_link.STL,,left_hipyaw_part-0122-1,left_hipyaw_origin,left_hipyaw_axis,left_hip_yaw_joint,revolute,-0.016491,0,-0.066991,0,0,0,left_hip_roll_link,0,0,1,0,0,-2.76,2.76,,,,,,,,
left_knee_link,0.0112455722456441,-0.0250892920776294,-0.128138843216992,0,0,0,1.83730886713781,0.0106513885591992,8.87929985435182E-06,0.000419506217886478,0.0104668687015369,-9.75522786503896E-05,0.001069678770696,0,0,0,0,0,0,package://LRS-XURDF0210QJ/meshes/left_knee_link.STL,0.752941176470588,0.752941176470588,0.752941176470588,1,0,0,0,0,0,0,package://LRS-XURDF0210QJ/meshes/left_knee_link.STL,,left_knee_part-0122-1,left_knee_origin,left_knee_axis,left_knee_joint,revolute,-0.0025064,0.02402,-0.21064,0,0,0,left_hip_yaw_link,0,-1,0,0,0,-0.09,2.53,,,,,,,,
left_ankle_pitch_link,4.16333634234434E-17,-8.70831184940357E-14,-0.00722518636632663,0,0,0,0.0528192215806887,6.74925844699974E-06,-4.92980327616844E-22,1.76436935724135E-21,5.91458539488642E-06,2.82460506744846E-17,3.34525462431787E-06,0,0,0,0,0,0,package://LRS-XURDF0210QJ/meshes/left_ankle_pitch_link.STL,0.752941176470588,0.752941176470588,0.752941176470588,1,0,0,0,0,0,0,package://LRS-XURDF0210QJ/meshes/left_ankle_pitch_link.STL,,left_anklepitch_part-0122-1,left_anklepitch_origin,left_anklepitch_axis,left_ankle_pitch_joint,revolute,0.014,-0.024,-0.3225,0,0,0,left_knee_link,0,-1,0,0,0,-0.52,0.87,,,,,,,,
left_ankle_roll_link,0.015411294562691,5.94461659167433E-06,-0.0291421056910588,0,0,0,0.480718268462623,0.000145004192560394,-2.85000184955561E-09,1.45020945747469E-05,0.000685477196421585,1.43891595235653E-09,0.000772225616218166,0,0,0,0,0,0,package://LRS-XURDF0210QJ/meshes/left_ankle_roll_link.STL,0.752941176470588,0.752941176470588,0.752941176470588,1,0,0,0,0,0,0,package://LRS-XURDF0210QJ/meshes/left_ankle_roll_link.STL,,left_ankleroll_part-0122-1,left_ankleroll_origin,left_ankleroll_axis,left_ankle_roll_joint,revolute,0,0,-0.0165,0,0,0,left_ankle_pitch_link,1,0,0,0,0,-0.26,0.26,,,,,,,,
right_hip_pitch_link,-0.00733801990404605,-0.0430703401720965,-0.0299081612262489,0,0,0,0.568493975069141,0.000665306872397776,2.5505718840886E-05,9.98877500753973E-06,0.000486765842720939,-6.62054338476839E-05,0.000470818336937998,0,0,0,0,0,0,package://LRS-XURDF0210QJ/meshes/right_hip_pitch_link.STL,0.752941176470588,0.752941176470588,0.752941176470588,1,0,0,0,0,0,0,package://LRS-XURDF0210QJ/meshes/right_hip_pitch_link.STL,,right_hippitch_part-0122-1,right_hippitch_origin,right_hippitch_axis,right_hip_pitch_joint,revolute,0,-0.07302,-0.1131,0,0,0,base_link,0,1,0,0,0,-2.69,2.69,,,,,,,,
right_hip_roll_link,0.00815818077383796,0.00530243092799428,-0.0351477237524302,0,0,0,0.340324027644494,0.000394441338263875,-2.37502037829409E-08,-8.06105384294925E-05,0.000395253991454035,1.15198411550438E-08,0.000234056829621113,0,0,0,0,0,0,package://LRS-XURDF0210QJ/meshes/right_hip_roll_link.STL,0.752941176470588,0.752941176470588,0.752941176470588,1,0,0,0,0,0,0,package://LRS-XURDF0210QJ/meshes/right_hip_roll_link.STL,,right_hiproll_part-0122-1,right_hiproll_origin,right_hiproll_axis,right_hip_roll_joint,revolute,0.01543,-0.055401,-0.031402,0,0,0,right_hip_pitch_link,1,0,0,0,0,-0.52,2.97,,,,,,,,
right_hip_yaw_link,0.00537225507996671,-0.0119879388850263,-0.105648023923165,0,0,0,1.34325480069681,0.00501444348751444,2.05830635623458E-06,-0.000163067656429623,0.00540876034505538,-0.000443867269703023,0.0013592088867496,0,0,0,0,0,0,package://LRS-XURDF0210QJ/meshes/right_hip_yaw_link.STL,0.752941176470588,0.752941176470588,0.752941176470588,1,0,0,0,0,0,0,package://LRS-XURDF0210QJ/meshes/right_hip_yaw_link.STL,,right_hipyaw_part-0122-1,right_hipyaw_origin,right_hipyaw_axis,right_hip_yaw_joint,revolute,-0.012921,0.0052819,-0.072498,0,0,0,right_hip_roll_link,0,0,1,0,0,-2.76,2.76,,,,,,,,
right_knee_link,0.0112476695620242,0.0250917297447765,-0.128154390753668,0,0,0,1.83738575873989,0.0106518326010002,-8.90439310331676E-06,0.000419404820293218,0.010467296887932,9.7444874351427E-05,0.00106975061556868,0,0,0,0,0,0,package://LRS-XURDF0210QJ/meshes/right_knee_link.STL,0.752941176470588,0.752941176470588,0.752941176470588,1,0,0,0,0,0,0,package://LRS-XURDF0210QJ/meshes/right_knee_link.STL,,right_knee_part-0122-1,right_knee_origin,right_knee_axis,right_knee_joint,revolute,-0.0025064,-0.02398,-0.21064,0,0,0,right_hip_yaw_link,0,1,0,0,0,-0.09,2.53,,,,,,,,
right_ankle_pitch_link,-2.94902990916057E-17,8.70414851306123E-14,-0.00722518636632641,0,0,0,0.0528192215806883,6.74925844699963E-06,7.44717296570471E-22,4.96738917853362E-21,5.91458539488632E-06,-2.82996612539739E-17,3.34525462431785E-06,0,0,0,0,0,0,package://LRS-XURDF0210QJ/meshes/right_ankle_pitch_link.STL,0.752941176470588,0.752941176470588,0.752941176470588,1,0,0,0,0,0,0,package://LRS-XURDF0210QJ/meshes/right_ankle_pitch_link.STL,,right_anklepitch_part-0122-1,right_anklepitch_origin,right_anklepitch_axis,right_ankle_pitch_joint,revolute,0.014,0.024,-0.3225,0,0,0,right_knee_link,0,1,0,0,0,-0.52,0.87,,,,,,,,
right_ankle_roll_link,0.0154112430199718,5.94373903213541E-06,-0.0291594059990108,0,0,0,0.480718293361683,0.000145003389300325,1.10079075155736E-08,1.4502465816695E-05,0.000685478024909469,8.8067377418985E-10,0.000772225416053225,0,0,0,0,0,0,package://LRS-XURDF0210QJ/meshes/right_ankle_roll_link.STL,0.752941176470588,0.752941176470588,0.752941176470588,1,0,0,0,0,0,0,package://LRS-XURDF0210QJ/meshes/right_ankle_roll_link.STL,,right_ankleroll_part-0122-1,right_ankleroll_origin,right_ankleroll_axis,right_ankle_roll_joint,revolute,0,0,-0.0165,0,0,0,right_ankle_pitch_link,-1,0,0,0,0,-0.26,0.26,,,,,,,,